name,link,price,sku,review_count,
Plain Halter Triangle Bikini Swimsuit,https://us.shein.com/goods_detail_nsw/getCommentInfoByAbc?_ver=1.1.8&_lang=en&spu=w23022775891&goods_id=&page=1&limit=3&offset=0&sort=&size=&is_picture=&rule_id=recsrch_sort:A|recsrch_tag:A&tag_id=&local_site_abt_flag=&shop_id=&query_rank=1,0,sw2302277589119817,18,
Drawstring Side Criss Cross Backless Bikini Swimsuit,https://us.shein.com/goods_detail_nsw/getCommentInfoByAbc?_ver=1.1.8&_lang=en&spu=t23041920021&goods_id=&page=1&limit=3&offset=0&sort=&size=&is_picture=&rule_id=recsrch_sort:A|recsrch_tag:A&tag_id=&local_site_abt_flag=&shop_id=&query_rank=1,0,st2304192002118076,7,
Striped Ruched One Piece Swimsuit,https://us.shein.com/goods_detail_nsw/getCommentInfoByAbc?_ver=1.1.8&_lang=en&spu=W2005250259&goods_id=&page=1&limit=3&offset=0&sort=&size=&is_picture=&rule_id=recsrch_sort:A|recsrch_tag:A&tag_id=&local_site_abt_flag=&shop_id=&query_rank=1,0,sw2207115167615150,1000,
Striped Tape High Waisted Bikini Swimsuit,https://us.shein.com/goods_detail_nsw/getCommentInfoByAbc?_ver=1.1.8&_lang=en&spu=w21101486350&goods_id=&page=1&limit=3&offset=0&sort=&size=&is_picture=&rule_id=recsrch_sort:A|recsrch_tag:A&tag_id=&local_site_abt_flag=&shop_id=&query_rank=1,0,sw2203216529581151,1000,
SHEIN X Hangout Fest Floral Print Halter Triangle Bikini Swimsuit,https://us.shein.com/goods_detail_nsw/getCommentInfoByAbc?_ver=1.1.8&_lang=en&spu=w22122122635&goods_id=&page=1&limit=3&offset=0&sort=&size=&is_picture=&rule_id=recsrch_sort:A|recsrch_tag:A&tag_id=&local_site_abt_flag=&shop_id=&query_rank=1,0,sw2212212263537338,500,
SHEIN X Hangout Fest Rib Binding Trim Halter Micro Triangle Bikini Swimsuit,https://us.shein.com/goods_detail_nsw/getCommentInfoByAbc?_ver=1.1.8&_lang=en&spu=w21121783381&goods_id=&page=1&limit=3&offset=0&sort=&size=&is_picture=&rule_id=recsrch_sort:A|recsrch_tag:A&tag_id=&local_site_abt_flag=&shop_id=&query_rank=1,0,sw2112178338182947,1000,
Random Floral Print Halter Smocked Tie Side Bikini Swimsuit,https://us.shein.com/goods_detail_nsw/getCommentInfoByAbc?_ver=1.1.8&_lang=en&spu=w22022256616&goods_id=&page=1&limit=3&offset=0&sort=&size=&is_picture=&rule_id=recsrch_sort:A|recsrch_tag:A&tag_id=&local_site_abt_flag=&shop_id=&query_rank=1,0,sw2202225661603474,1000,
Ditsy Floral Print Ruched One Piece Swimsuit,https://us.shein.com/goods_detail_nsw/getCommentInfoByAbc?_ver=1.1.8&_lang=en&spu=w22110530075&goods_id=&page=1&limit=3&offset=0&sort=&size=&is_picture=&rule_id=recsrch_sort:A|recsrch_tag:A&tag_id=&local_site_abt_flag=&shop_id=&query_rank=1,0,sw2211053007577771,500,
Plaid Drawstring Bandeau Bikini Swimsuit,https://us.shein.com/goods_detail_nsw/getCommentInfoByAbc?_ver=1.1.8&_lang=en&spu=w22022545557&goods_id=&page=1&limit=3&offset=0&sort=&size=&is_picture=&rule_id=recsrch_sort:A|recsrch_tag:A&tag_id=&local_site_abt_flag=&shop_id=&query_rank=1,0,sw2204281355217503,1000,
Solid Bikini Set Crisscross Tie Back Bra & Overlap High Waisted Bottom 2 Piece Bathing Suit,https://us.shein.com/goods_detail_nsw/getCommentInfoByAbc?_ver=1.1.8&_lang=en&spu=w22121979707&goods_id=&page=1&limit=3&offset=0&sort=&size=&is_picture=&rule_id=recsrch_sort:A|recsrch_tag:A&tag_id=&local_site_abt_flag=&shop_id=&query_rank=1,0,sw2302206295187766,1000,
Plain Contrast Mesh One Shoulder One Piece Swimsuit,https://us.shein.com/goods_detail_nsw/getCommentInfoByAbc?_ver=1.1.8&_lang=en&spu=w21120776494&goods_id=&page=1&limit=3&offset=0&sort=&size=&is_picture=&rule_id=recsrch_sort:A|recsrch_tag:A&tag_id=&local_site_abt_flag=&shop_id=&query_rank=1,0,sw2112077649476473,1000,
Solid Cross Back One Piece Swimsuit,https://us.shein.com/goods_detail_nsw/getCommentInfoByAbc?_ver=1.1.8&_lang=en&spu=w21112952550&goods_id=&page=1&limit=3&offset=0&sort=&size=&is_picture=&rule_id=recsrch_sort:A|recsrch_tag:A&tag_id=&local_site_abt_flag=&shop_id=&query_rank=1,0,sw2111295255056882,1000,
Frill Trim Eyelet Embroidery Push Up Bikini Swimsuit,https://us.shein.com/goods_detail_nsw/getCommentInfoByAbc?_ver=1.1.8&_lang=en&spu=w21080575717&goods_id=&page=1&limit=3&offset=0&sort=&size=&is_picture=&rule_id=recsrch_sort:A|recsrch_tag:A&tag_id=&local_site_abt_flag=&shop_id=&query_rank=1,0,sw2201047028078635,1000,
Halter Bikini Top,https://us.shein.com/goods_detail_nsw/getCommentInfoByAbc?_ver=1.1.8&_lang=en&spu=w21111731516&goods_id=&page=1&limit=3&offset=0&sort=&size=&is_picture=&rule_id=recsrch_sort:A|recsrch_tag:A&tag_id=&local_site_abt_flag=&shop_id=&query_rank=1,0,sw2111173151638687,1000,
Colorful Bikini Set Underwire Bra & Thong Bottom 2 Piece Bathing Suit,https://us.shein.com/goods_detail_nsw/getCommentInfoByAbc?_ver=1.1.8&_lang=en&spu=w21101782299&goods_id=&page=1&limit=3&offset=0&sort=&size=&is_picture=&rule_id=recsrch_sort:A|recsrch_tag:A&tag_id=&local_site_abt_flag=&shop_id=&query_rank=1,0,sw2202211301014104,1000,
Floral Print Bikini Set Knot Back Underwire Bra Top & High Waist Bikini Bottom 2 Piece Swimsuit,https://us.shein.com/goods_detail_nsw/getCommentInfoByAbc?_ver=1.1.8&_lang=en&spu=w22041266318&goods_id=&page=1&limit=3&offset=0&sort=&size=&is_picture=&rule_id=recsrch_sort:A|recsrch_tag:A&tag_id=&local_site_abt_flag=&shop_id=&query_rank=1,0,sw2204126631826979,1000,
Cut Out Bikini Swimsuit,https://us.shein.com/goods_detail_nsw/getCommentInfoByAbc?_ver=1.1.8&_lang=en&spu=t23032345955&goods_id=&page=1&limit=3&offset=0&sort=&size=&is_picture=&rule_id=recsrch_sort:A|recsrch_tag:A&tag_id=&local_site_abt_flag=&shop_id=&query_rank=1,0,st2303234595575349,500,
Contrast Binding High Cut Bikini Swimsuit,https://us.shein.com/goods_detail_nsw/getCommentInfoByAbc?_ver=1.1.8&_lang=en&spu=W2011093578&goods_id=&page=1&limit=3&offset=0&sort=&size=&is_picture=&rule_id=recsrch_sort:A|recsrch_tag:A&tag_id=&local_site_abt_flag=&shop_id=&query_rank=1,0,swswim23210308918,1000,
Plain Rib One Piece Swimsuit,https://us.shein.com/goods_detail_nsw/getCommentInfoByAbc?_ver=1.1.8&_lang=en&spu=w21081076105&goods_id=&page=1&limit=3&offset=0&sort=&size=&is_picture=&rule_id=recsrch_sort:A|recsrch_tag:A&tag_id=&local_site_abt_flag=&shop_id=&query_rank=1,0,sw2111299121100211,1000,
Tropical Print Bikini Swimsuit,https://us.shein.com/goods_detail_nsw/getCommentInfoByAbc?_ver=1.1.8&_lang=en&spu=W1909280148&goods_id=&page=1&limit=3&offset=0&sort=&size=&is_picture=&rule_id=recsrch_sort:A|recsrch_tag:A&tag_id=&local_site_abt_flag=&shop_id=&query_rank=1,0,swswim25210514586,1000,
Solid High Waisted Bikini Bottom,https://us.shein.com/goods_detail_nsw/getCommentInfoByAbc?_ver=1.1.8&_lang=en&spu=w23021597494&goods_id=&page=1&limit=3&offset=0&sort=&size=&is_picture=&rule_id=recsrch_sort:A|recsrch_tag:A&tag_id=&local_site_abt_flag=&shop_id=&query_rank=1,0,sw2302159749407662,500,
Chevron Tape High Waisted Bikini Swimsuit,https://us.shein.com/goods_detail_nsw/getCommentInfoByAbc?_ver=1.1.8&_lang=en&spu=t23042659672&goods_id=&page=1&limit=3&offset=0&sort=&size=&is_picture=&rule_id=recsrch_sort:A|recsrch_tag:A&tag_id=&local_site_abt_flag=&shop_id=&query_rank=1,0,st2304128287882781,85,
Bikinx Floral Print Bikini Set Chevron Tape Cami Top & Thong Bottom 2 Piece Swimsuit,https://us.shein.com/goods_detail_nsw/getCommentInfoByAbc?_ver=1.1.8&_lang=en&spu=w23013162681&goods_id=&page=1&limit=3&offset=0&sort=&size=&is_picture=&rule_id=recsrch_sort:A|recsrch_tag:A&tag_id=&local_site_abt_flag=&shop_id=&query_rank=1,0,sw2205206455778513,1000,
Floral Print Tie Side Bikini Swimsuit,https://us.shein.com/goods_detail_nsw/getCommentInfoByAbc?_ver=1.1.8&_lang=en&spu=t23040175949&goods_id=&page=1&limit=3&offset=0&sort=&size=&is_picture=&rule_id=recsrch_sort:A|recsrch_tag:A&tag_id=&local_site_abt_flag=&shop_id=&query_rank=1,0,st2304017594959455,1,
Colorblock Cut Out One Shoulder One Piece Swimsuit,https://us.shein.com/goods_detail_nsw/getCommentInfoByAbc?_ver=1.1.8&_lang=en&spu=w22061022237&goods_id=&page=1&limit=3&offset=0&sort=&size=&is_picture=&rule_id=recsrch_sort:A|recsrch_tag:A&tag_id=&local_site_abt_flag=&shop_id=&query_rank=1,0,sw2207065400208825,1000,
Plain Halter Bikini Swimsuit With Beach Shorts,https://us.shein.com/goods_detail_nsw/getCommentInfoByAbc?_ver=1.1.8&_lang=en&spu=w21100969951&goods_id=&page=1&limit=3&offset=0&sort=&size=&is_picture=&rule_id=recsrch_sort:A|recsrch_tag:A&tag_id=&local_site_abt_flag=&shop_id=&query_rank=1,0,sw2203114664156842,1000,
Solid Bikini Set Knot Decor Bandeau Top & High Cut Bottom 2 Piece Bathing Suit,https://us.shein.com/goods_detail_nsw/getCommentInfoByAbc?_ver=1.1.8&_lang=en&spu=W2010132065&goods_id=&page=1&limit=3&offset=0&sort=&size=&is_picture=&rule_id=recsrch_sort:A|recsrch_tag:A&tag_id=&local_site_abt_flag=&shop_id=&query_rank=1,0,swswim03210120476,1000,
SHEIN Chevron Print Halter Bikini Swimsuit,https://us.shein.com/goods_detail_nsw/getCommentInfoByAbc?_ver=1.1.8&_lang=en&spu=t23032254513&goods_id=&page=1&limit=3&offset=0&sort=&size=&is_picture=&rule_id=recsrch_sort:A|recsrch_tag:A&tag_id=&local_site_abt_flag=&shop_id=&query_rank=1,0,st2303225451364376,0,
Ditsy Floral Print Bikini Set Wireless Bra Top & High Waisted Bikini Bottom 2 Piece Swimsuit,https://us.shein.com/goods_detail_nsw/getCommentInfoByAbc?_ver=1.1.8&_lang=en&spu=w22040737470&goods_id=&page=1&limit=3&offset=0&sort=&size=&is_picture=&rule_id=recsrch_sort:A|recsrch_tag:A&tag_id=&local_site_abt_flag=&shop_id=&query_rank=1,0,st2303162257122312,1000,
Tropical Print Shorts Bikini Swimsuit,https://us.shein.com/goods_detail_nsw/getCommentInfoByAbc?_ver=1.1.8&_lang=en&spu=t23031561357&goods_id=&page=1&limit=3&offset=0&sort=&size=&is_picture=&rule_id=recsrch_sort:A|recsrch_tag:A&tag_id=&local_site_abt_flag=&shop_id=&query_rank=1,0,st2303156135716108,3,
Plain Cut Out One Piece Swimsuit,https://us.shein.com/goods_detail_nsw/getCommentInfoByAbc?_ver=1.1.8&_lang=en&spu=W2010203113&goods_id=&page=1&limit=3&offset=0&sort=&size=&is_picture=&rule_id=recsrch_sort:A|recsrch_tag:A&tag_id=&local_site_abt_flag=&shop_id=&query_rank=1,0,sw2112135261526266,1000,
Random Floral Print Drawstring Side Tie Backless Halter Bikini Swimsuit,https://us.shein.com/goods_detail_nsw/getCommentInfoByAbc?_ver=1.1.8&_lang=en&spu=w22041226962&goods_id=&page=1&limit=3&offset=0&sort=&size=&is_picture=&rule_id=recsrch_sort:A|recsrch_tag:A&tag_id=&local_site_abt_flag=&shop_id=&query_rank=1,0,sw2204122696266287,1000,
3pack Ditsy Floral Print Halter Bikini Swimsuit & Beach Skirt,https://us.shein.com/goods_detail_nsw/getCommentInfoByAbc?_ver=1.1.8&_lang=en&spu=w21092514809&goods_id=&page=1&limit=3&offset=0&sort=&size=&is_picture=&rule_id=recsrch_sort:A|recsrch_tag:A&tag_id=&local_site_abt_flag=&shop_id=&query_rank=1,0,sw2111265816508118,1000,
Color Block High Waisted Bikini Swimsuit,https://us.shein.com/goods_detail_nsw/getCommentInfoByAbc?_ver=1.1.8&_lang=en&spu=t23032351577&goods_id=&page=1&limit=3&offset=0&sort=&size=&is_picture=&rule_id=recsrch_sort:A|recsrch_tag:A&tag_id=&local_site_abt_flag=&shop_id=&query_rank=1,0,st2303235157779180,0,
Floral Print Bikini Set V-Wired Smocked Cami Bra & Cheeky Bottom 2 Piece Bathing Suit,https://us.shein.com/goods_detail_nsw/getCommentInfoByAbc?_ver=1.1.8&_lang=en&spu=w22120208902&goods_id=&page=1&limit=3&offset=0&sort=&size=&is_picture=&rule_id=recsrch_sort:A|recsrch_tag:A&tag_id=&local_site_abt_flag=&shop_id=&query_rank=1,0,sw2303011950568936,1000,
Ruffle Trim High Waisted Bikini Swimsuit,https://us.shein.com/goods_detail_nsw/getCommentInfoByAbc?_ver=1.1.8&_lang=en&spu=t23032788832&goods_id=&page=1&limit=3&offset=0&sort=&size=&is_picture=&rule_id=recsrch_sort:A|recsrch_tag:A&tag_id=&local_site_abt_flag=&shop_id=&query_rank=1,0,st2303278883263623,0,
Floral Print High Waisted Bikini Swimsuit,https://us.shein.com/goods_detail_nsw/getCommentInfoByAbc?_ver=1.1.8&_lang=en&spu=t23031727271&goods_id=&page=1&limit=3&offset=0&sort=&size=&is_picture=&rule_id=recsrch_sort:A|recsrch_tag:A&tag_id=&local_site_abt_flag=&shop_id=&query_rank=1,0,st2303172727199342,0,
Allover Print High Waisted Bikini Swimsuit,https://us.shein.com/goods_detail_nsw/getCommentInfoByAbc?_ver=1.1.8&_lang=en&spu=w22121518433&goods_id=&page=1&limit=3&offset=0&sort=&size=&is_picture=&rule_id=recsrch_sort:A|recsrch_tag:A&tag_id=&local_site_abt_flag=&shop_id=&query_rank=1,0,sw2212151843384928,57,
Halter Triangle Tie Side Bikini Swimsuit,https://us.shein.com/goods_detail_nsw/getCommentInfoByAbc?_ver=1.1.8&_lang=en&spu=t23032704113&goods_id=&page=1&limit=3&offset=0&sort=&size=&is_picture=&rule_id=recsrch_sort:A|recsrch_tag:A&tag_id=&local_site_abt_flag=&shop_id=&query_rank=1,0,st2303270411340706,0,
Plain Contrast Mesh One Piece Swimsuit,https://us.shein.com/goods_detail_nsw/getCommentInfoByAbc?_ver=1.1.8&_lang=en&spu=w21122430702&goods_id=&page=1&limit=3&offset=0&sort=&size=&is_picture=&rule_id=recsrch_sort:A|recsrch_tag:A&tag_id=&local_site_abt_flag=&shop_id=&query_rank=1,0,sw2112243070283310,1000,
Leopard Print Drawstring Bikini Swimsuit,https://us.shein.com/goods_detail_nsw/getCommentInfoByAbc?_ver=1.1.8&_lang=en&spu=w22110472773&goods_id=&page=1&limit=3&offset=0&sort=&size=&is_picture=&rule_id=recsrch_sort:A|recsrch_tag:A&tag_id=&local_site_abt_flag=&shop_id=&query_rank=1,0,sw2211047277367507,1000,
Floral Bandeau High Cut Bikini Swimsuit,https://us.shein.com/goods_detail_nsw/getCommentInfoByAbc?_ver=1.1.8&_lang=en&spu=W2102020728&goods_id=&page=1&limit=3&offset=0&sort=&size=&is_picture=&rule_id=recsrch_sort:A|recsrch_tag:A&tag_id=&local_site_abt_flag=&shop_id=&query_rank=1,0,swswim23210218416,1000,
Random Tropical Print Shorts Bikini Swimsuit,https://us.shein.com/goods_detail_nsw/getCommentInfoByAbc?_ver=1.1.8&_lang=en&spu=w21062240746&goods_id=&page=1&limit=3&offset=0&sort=&size=&is_picture=&rule_id=recsrch_sort:A|recsrch_tag:A&tag_id=&local_site_abt_flag=&shop_id=&query_rank=1,0,sw2204156852161666,1000,
Patchwork Print Bikini Set Tie Front Bandeau Top & Thong Bottom 2 Piece Bathing Suit,https://us.shein.com/goods_detail_nsw/getCommentInfoByAbc?_ver=1.1.8&_lang=en&spu=W2105132738&goods_id=&page=1&limit=3&offset=0&sort=&size=&is_picture=&rule_id=recsrch_sort:A|recsrch_tag:A&tag_id=&local_site_abt_flag=&shop_id=&query_rank=1,0,swswim23210520276,1000,
Palm Random Print Adjustable Strap Bikini Swimsuit,https://us.shein.com/goods_detail_nsw/getCommentInfoByAbc?_ver=1.1.8&_lang=en&spu=w22031111207&goods_id=&page=1&limit=3&offset=0&sort=&size=&is_picture=&rule_id=recsrch_sort:A|recsrch_tag:A&tag_id=&local_site_abt_flag=&shop_id=&query_rank=1,0,swswim03200102477,1000,
Tie Front Ruffle Trim Bikini Bottom With Shorts,https://us.shein.com/goods_detail_nsw/getCommentInfoByAbc?_ver=1.1.8&_lang=en&spu=t23041048441&goods_id=&page=1&limit=3&offset=0&sort=&size=&is_picture=&rule_id=recsrch_sort:A|recsrch_tag:A&tag_id=&local_site_abt_flag=&shop_id=&query_rank=1,0,st2304104844178288,2,
Ditsy Floral Ruffle Cut-out One Piece Swimsuit,https://us.shein.com/goods_detail_nsw/getCommentInfoByAbc?_ver=1.1.8&_lang=en&spu=t23051520351&goods_id=&page=1&limit=3&offset=0&sort=&size=&is_picture=&rule_id=recsrch_sort:A|recsrch_tag:A&tag_id=&local_site_abt_flag=&shop_id=&query_rank=1,0,sw2202245511808039,1000,
Smocked Halter Bra & Thong Bottom 2 Piece Bathing Suit,https://us.shein.com/goods_detail_nsw/getCommentInfoByAbc?_ver=1.1.8&_lang=en&spu=w21100972292&goods_id=&page=1&limit=3&offset=0&sort=&size=&is_picture=&rule_id=recsrch_sort:A|recsrch_tag:A&tag_id=&local_site_abt_flag=&shop_id=&query_rank=1,0,sw2202078176909609,1000,
Striped Textured Bandeau Bikini Swimsuit,https://us.shein.com/goods_detail_nsw/getCommentInfoByAbc?_ver=1.1.8&_lang=en&spu=w21110111575&goods_id=&page=1&limit=3&offset=0&sort=&size=&is_picture=&rule_id=recsrch_sort:A|recsrch_tag:A&tag_id=&local_site_abt_flag=&shop_id=&query_rank=1,0,sw2204188294397887,1000,
Mono Bikini Set Tie Backless Halter Wireless Bra & Tie Side Bottom 2 Piece Swimsuit,https://us.shein.com/goods_detail_nsw/getCommentInfoByAbc?_ver=1.1.8&_lang=en&spu=W2012022979&goods_id=&page=1&limit=3&offset=0&sort=&size=&is_picture=&rule_id=recsrch_sort:A|recsrch_tag:A&tag_id=&local_site_abt_flag=&shop_id=&query_rank=1,0,swswim25210426126,1000,
Random Print Smocked Halter Bikini Swimsuit,https://us.shein.com/goods_detail_nsw/getCommentInfoByAbc?_ver=1.1.8&_lang=en&spu=W2011250219&goods_id=&page=1&limit=3&offset=0&sort=&size=&is_picture=&rule_id=recsrch_sort:A|recsrch_tag:A&tag_id=&local_site_abt_flag=&shop_id=&query_rank=1,0,sw2201184777685667,1000,
Colorblock Tie Shoulder Bikini Swimsuit,https://us.shein.com/goods_detail_nsw/getCommentInfoByAbc?_ver=1.1.8&_lang=en&spu=t23031512022&goods_id=&page=1&limit=3&offset=0&sort=&size=&is_picture=&rule_id=recsrch_sort:A|recsrch_tag:A&tag_id=&local_site_abt_flag=&shop_id=&query_rank=1,0,st2303151202271317,0,
Tropical Print Hanky Hem Ruched High Waisted Bikini Swimsuit,https://us.shein.com/goods_detail_nsw/getCommentInfoByAbc?_ver=1.1.8&_lang=en&spu=W1910211286&goods_id=&page=1&limit=3&offset=0&sort=&size=&is_picture=&rule_id=recsrch_sort:A|recsrch_tag:A&tag_id=&local_site_abt_flag=&shop_id=&query_rank=1,0,sw2203164330692216,1000,
Textured Bikini Set Adjustable Strap Cami Top & Bikini Bottom 2 Piece Bathing Suit,https://us.shein.com/goods_detail_nsw/getCommentInfoByAbc?_ver=1.1.8&_lang=en&spu=W2009301195&goods_id=&page=1&limit=3&offset=0&sort=&size=&is_picture=&rule_id=recsrch_sort:A|recsrch_tag:A&tag_id=&local_site_abt_flag=&shop_id=&query_rank=1,0,sw2205071633553329,1000,
SHEIN Tropical Print Drawstring Bikini Swimsuit,https://us.shein.com/goods_detail_nsw/getCommentInfoByAbc?_ver=1.1.8&_lang=en&spu=t23033119538&goods_id=&page=1&limit=3&offset=0&sort=&size=&is_picture=&rule_id=recsrch_sort:A|recsrch_tag:A&tag_id=&local_site_abt_flag=&shop_id=&query_rank=1,0,st2303311953804674,0,
Floral Print Bikini Set Knot Front Wireless Bra Top & Hipster Bikini Bottom 2 Piece Bathing Suit,https://us.shein.com/goods_detail_nsw/getCommentInfoByAbc?_ver=1.1.8&_lang=en&spu=W2105070885&goods_id=&page=1&limit=3&offset=0&sort=&size=&is_picture=&rule_id=recsrch_sort:A|recsrch_tag:A&tag_id=&local_site_abt_flag=&shop_id=&query_rank=1,0,swswim25210512346,1000,
Floral Print Bandeau Bikini Top,https://us.shein.com/goods_detail_nsw/getCommentInfoByAbc?_ver=1.1.8&_lang=en&spu=w23022426085&goods_id=&page=1&limit=3&offset=0&sort=&size=&is_picture=&rule_id=recsrch_sort:A|recsrch_tag:A&tag_id=&local_site_abt_flag=&shop_id=&query_rank=1,0,sw2302242608522162,100,
Mono Bikini Set Mesh Insert Wireless Bra Top & High Waist Bikini Bottom 2 Piece Swimsuit,https://us.shein.com/goods_detail_nsw/getCommentInfoByAbc?_ver=1.1.8&_lang=en&spu=W2105130470&goods_id=&page=1&limit=3&offset=0&sort=&size=&is_picture=&rule_id=recsrch_sort:A|recsrch_tag:A&tag_id=&local_site_abt_flag=&shop_id=&query_rank=1,0,sw2107265561537787,1000,
Plain Bikini Bottom,https://us.shein.com/goods_detail_nsw/getCommentInfoByAbc?_ver=1.1.8&_lang=en&spu=w22112399771&goods_id=&page=1&limit=3&offset=0&sort=&size=&is_picture=&rule_id=recsrch_sort:A|recsrch_tag:A&tag_id=&local_site_abt_flag=&shop_id=&query_rank=1,0,sw2211239977117217,100,
Plain High Cut One Piece Swimsuit,https://us.shein.com/goods_detail_nsw/getCommentInfoByAbc?_ver=1.1.8&_lang=en&spu=w21113007443&goods_id=&page=1&limit=3&offset=0&sort=&size=&is_picture=&rule_id=recsrch_sort:A|recsrch_tag:A&tag_id=&local_site_abt_flag=&shop_id=&query_rank=1,0,sw2203111188020160,1000,
Twist Cut Out One Piece Swimsuit,https://us.shein.com/goods_detail_nsw/getCommentInfoByAbc?_ver=1.1.8&_lang=en&spu=w22110823172&goods_id=&page=1&limit=3&offset=0&sort=&size=&is_picture=&rule_id=recsrch_sort:A|recsrch_tag:A&tag_id=&local_site_abt_flag=&shop_id=&query_rank=1,0,sw2211082317259755,500,
SHEIN X Hangout Fest Rib Halter Triangle Bikini Swimsuit,https://us.shein.com/goods_detail_nsw/getCommentInfoByAbc?_ver=1.1.8&_lang=en&spu=w21110393533&goods_id=&page=1&limit=3&offset=0&sort=&size=&is_picture=&rule_id=recsrch_sort:A|recsrch_tag:A&tag_id=&local_site_abt_flag=&shop_id=&query_rank=1,0,sw2205047336694759,1000,
Striped Knot Front Bikini Swimsuit,https://us.shein.com/goods_detail_nsw/getCommentInfoByAbc?_ver=1.1.8&_lang=en&spu=t23033135352&goods_id=&page=1&limit=3&offset=0&sort=&size=&is_picture=&rule_id=recsrch_sort:A|recsrch_tag:A&tag_id=&local_site_abt_flag=&shop_id=&query_rank=1,0,st2303313535205494,0,
Smocked Ring Linked Bandeau Bikini Swimsuit,https://us.shein.com/goods_detail_nsw/getCommentInfoByAbc?_ver=1.1.8&_lang=en&spu=w21110821330&goods_id=&page=1&limit=3&offset=0&sort=&size=&is_picture=&rule_id=recsrch_sort:A|recsrch_tag:A&tag_id=&local_site_abt_flag=&shop_id=&query_rank=1,0,sw2204072257792795,1000,
Random Plant Print Bikini Set Tie Back Wireless Bra Top & Hipster Bikini Bottom 2 Piece Swimsuit,https://us.shein.com/goods_detail_nsw/getCommentInfoByAbc?_ver=1.1.8&_lang=en&spu=W2105040200&goods_id=&page=1&limit=3&offset=0&sort=&size=&is_picture=&rule_id=recsrch_sort:A|recsrch_tag:A&tag_id=&local_site_abt_flag=&shop_id=&query_rank=1,0,sw2203184762362501,1000,
Ditsy Floral Print Tie Front Bikini Swimsuit,https://us.shein.com/goods_detail_nsw/getCommentInfoByAbc?_ver=1.1.8&_lang=en&spu=W2012311581&goods_id=&page=1&limit=3&offset=0&sort=&size=&is_picture=&rule_id=recsrch_sort:A|recsrch_tag:A&tag_id=&local_site_abt_flag=&shop_id=&query_rank=1,0,sw2112169566658033,1000,
Solid Textured Bikini Top,https://us.shein.com/goods_detail_nsw/getCommentInfoByAbc?_ver=1.1.8&_lang=en&spu=W2101075052&goods_id=&page=1&limit=3&offset=0&sort=&size=&is_picture=&rule_id=recsrch_sort:A|recsrch_tag:A&tag_id=&local_site_abt_flag=&shop_id=&query_rank=1,0,swswim25210414493,1000,
3pack Random Tropical Print Halter Drawstring Side Bikini Swimsuit,https://us.shein.com/goods_detail_nsw/getCommentInfoByAbc?_ver=1.1.8&_lang=en&spu=w22022239334&goods_id=&page=1&limit=3&offset=0&sort=&size=&is_picture=&rule_id=recsrch_sort:A|recsrch_tag:A&tag_id=&local_site_abt_flag=&shop_id=&query_rank=1,0,sw2204211134864681,1000,
Allover Print Halter Triangle Bikini Swimsuit,https://us.shein.com/goods_detail_nsw/getCommentInfoByAbc?_ver=1.1.8&_lang=en&spu=t23032942599&goods_id=&page=1&limit=3&offset=0&sort=&size=&is_picture=&rule_id=recsrch_sort:A|recsrch_tag:A&tag_id=&local_site_abt_flag=&shop_id=&query_rank=1,0,st2303294259998334,2,
Floral Print Contrast Binding Crisscross Back One Piece Swimsuit,https://us.shein.com/goods_detail_nsw/getCommentInfoByAbc?_ver=1.1.8&_lang=en&spu=w23030163287&goods_id=&page=1&limit=3&offset=0&sort=&size=&is_picture=&rule_id=recsrch_sort:A|recsrch_tag:A&tag_id=&local_site_abt_flag=&shop_id=&query_rank=1,0,sw2303016328797625,58,
Colorblock Whip Stitch Triangle Bikini Top,https://us.shein.com/goods_detail_nsw/getCommentInfoByAbc?_ver=1.1.8&_lang=en&spu=w22011297788&goods_id=&page=1&limit=3&offset=0&sort=&size=&is_picture=&rule_id=recsrch_sort:A|recsrch_tag:A&tag_id=&local_site_abt_flag=&shop_id=&query_rank=1,0,sw2204022498123954,1000,
Dalmatian Print Cut Out One Piece Swimsuit,https://us.shein.com/goods_detail_nsw/getCommentInfoByAbc?_ver=1.1.8&_lang=en&spu=W2103252824&goods_id=&page=1&limit=3&offset=0&sort=&size=&is_picture=&rule_id=recsrch_sort:A|recsrch_tag:A&tag_id=&local_site_abt_flag=&shop_id=&query_rank=1,0,swswim23210409040,1000,
Ribbed High Waist Bikini Swimsuit,https://us.shein.com/goods_detail_nsw/getCommentInfoByAbc?_ver=1.1.8&_lang=en&spu=W2103251567&goods_id=&page=1&limit=3&offset=0&sort=&size=&is_picture=&rule_id=recsrch_sort:A|recsrch_tag:A&tag_id=&local_site_abt_flag=&shop_id=&query_rank=1,0,swswim23210528738,1000,
Plaid Underwire Bikini Swimsuit,https://us.shein.com/goods_detail_nsw/getCommentInfoByAbc?_ver=1.1.8&_lang=en&spu=w21102715108&goods_id=&page=1&limit=3&offset=0&sort=&size=&is_picture=&rule_id=recsrch_sort:A|recsrch_tag:A&tag_id=&local_site_abt_flag=&shop_id=&query_rank=1,0,sw2110271510820880,1000,
Ribbed Bikini Set Tie Back Triangle Bra Top & Tie Side Bikini Bottom 2 Piece Bathing Suit,https://us.shein.com/goods_detail_nsw/getCommentInfoByAbc?_ver=1.1.8&_lang=en&spu=w22022406781&goods_id=&page=1&limit=3&offset=0&sort=&size=&is_picture=&rule_id=recsrch_sort:A|recsrch_tag:A&tag_id=&local_site_abt_flag=&shop_id=&query_rank=1,0,sw2202240678131230,1000,
Solid Bikini Bottom,https://us.shein.com/goods_detail_nsw/getCommentInfoByAbc?_ver=1.1.8&_lang=en&spu=W2004241636&goods_id=&page=1&limit=3&offset=0&sort=&size=&is_picture=&rule_id=recsrch_sort:A|recsrch_tag:A&tag_id=&local_site_abt_flag=&shop_id=&query_rank=1,0,sw2106297280121712,1000,
Mono Bikini Set Halter Triangle Bra & Tie Side Bottom 2 Piece Swimsuit,https://us.shein.com/goods_detail_nsw/getCommentInfoByAbc?_ver=1.1.8&_lang=en&spu=W2012075542&goods_id=&page=1&limit=3&offset=0&sort=&size=&is_picture=&rule_id=recsrch_sort:A|recsrch_tag:A&tag_id=&local_site_abt_flag=&shop_id=&query_rank=1,0,swswim25210517352,1000,
Floral Print Ruched Bust One Piece Swimsuit,https://us.shein.com/goods_detail_nsw/getCommentInfoByAbc?_ver=1.1.8&_lang=en&spu=w22120382414&goods_id=&page=1&limit=3&offset=0&sort=&size=&is_picture=&rule_id=recsrch_sort:A|recsrch_tag:A&tag_id=&local_site_abt_flag=&shop_id=&query_rank=1,0,sw2212038241434666,100,
Ribbed Knit Tie Backless One Piece Swimsuit,https://us.shein.com/goods_detail_nsw/getCommentInfoByAbc?_ver=1.1.8&_lang=en&spu=w22041689277&goods_id=&page=1&limit=3&offset=0&sort=&size=&is_picture=&rule_id=recsrch_sort:A|recsrch_tag:A&tag_id=&local_site_abt_flag=&shop_id=&query_rank=1,0,sw2204168927704972,1000,
Textured Bikini Set One Shoulder Top & Cheeky Bottom 2 Piece Bathing Suit,https://us.shein.com/goods_detail_nsw/getCommentInfoByAbc?_ver=1.1.8&_lang=en&spu=w21101599525&goods_id=&page=1&limit=3&offset=0&sort=&size=&is_picture=&rule_id=recsrch_sort:A|recsrch_tag:A&tag_id=&local_site_abt_flag=&shop_id=&query_rank=1,0,sw2201116007576647,1000,
Ditsy Floral Tankini Set Drawstring Cami Top & High Waisted Bottom 2 Piece Bathing Suit,https://us.shein.com/goods_detail_nsw/getCommentInfoByAbc?_ver=1.1.8&_lang=en&spu=W2105186026&goods_id=&page=1&limit=3&offset=0&sort=&size=&is_picture=&rule_id=recsrch_sort:A|recsrch_tag:A&tag_id=&local_site_abt_flag=&shop_id=&query_rank=1,0,sW210518602697269,1000,
Plain V Neck Bikini Swimsuit,https://us.shein.com/goods_detail_nsw/getCommentInfoByAbc?_ver=1.1.8&_lang=en&spu=t23051175100&goods_id=&page=1&limit=3&offset=0&sort=&size=&is_picture=&rule_id=recsrch_sort:A|recsrch_tag:A&tag_id=&local_site_abt_flag=&shop_id=&query_rank=1,0,swswim25210615242,1000,
Ring Linked Triangle Thong Bikini Swimsuit,https://us.shein.com/goods_detail_nsw/getCommentInfoByAbc?_ver=1.1.8&_lang=en&spu=w23020941148&goods_id=&page=1&limit=3&offset=0&sort=&size=&is_picture=&rule_id=recsrch_sort:A|recsrch_tag:A&tag_id=&local_site_abt_flag=&shop_id=&query_rank=1,0,swswim23210527807,1000,
Chain Print Push Up One Piece Swimsuit With Beach Skirt,https://us.shein.com/goods_detail_nsw/getCommentInfoByAbc?_ver=1.1.8&_lang=en&spu=w23011054871&goods_id=&page=1&limit=3&offset=0&sort=&size=&is_picture=&rule_id=recsrch_sort:A|recsrch_tag:A&tag_id=&local_site_abt_flag=&shop_id=&query_rank=1,0,st2303245004745815,90,
Floral Print Mesh Insert One Piece Swimsuit,https://us.shein.com/goods_detail_nsw/getCommentInfoByAbc?_ver=1.1.8&_lang=en&spu=w22022141129&goods_id=&page=1&limit=3&offset=0&sort=&size=&is_picture=&rule_id=recsrch_sort:A|recsrch_tag:A&tag_id=&local_site_abt_flag=&shop_id=&query_rank=1,0,sw2202214112995912,1000,
Mesh Insert Criss Cross One Piece Swimsuit,https://us.shein.com/goods_detail_nsw/getCommentInfoByAbc?_ver=1.1.8&_lang=en&spu=W2012250229&goods_id=&page=1&limit=3&offset=0&sort=&size=&is_picture=&rule_id=recsrch_sort:A|recsrch_tag:A&tag_id=&local_site_abt_flag=&shop_id=&query_rank=1,0,swswim25210426015,1000,
Plain V Neck Bikini Swimsuit,https://us.shein.com/goods_detail_nsw/getCommentInfoByAbc?_ver=1.1.8&_lang=en&spu=t23030714185&goods_id=&page=1&limit=3&offset=0&sort=&size=&is_picture=&rule_id=recsrch_sort:A|recsrch_tag:A&tag_id=&local_site_abt_flag=&shop_id=&query_rank=1,0,st2303294739457992,25,
Ditsy Floral Halter Triangle Bikini Swimsuit,https://us.shein.com/goods_detail_nsw/getCommentInfoByAbc?_ver=1.1.8&_lang=en&spu=w22031734657&goods_id=&page=1&limit=3&offset=0&sort=&size=&is_picture=&rule_id=recsrch_sort:A|recsrch_tag:A&tag_id=&local_site_abt_flag=&shop_id=&query_rank=1,0,sw2207149805539955,1000,
Ring Linked Bandeau Bikini Swimsuit,https://us.shein.com/goods_detail_nsw/getCommentInfoByAbc?_ver=1.1.8&_lang=en&spu=W2101252021&goods_id=&page=1&limit=3&offset=0&sort=&size=&is_picture=&rule_id=recsrch_sort:A|recsrch_tag:A&tag_id=&local_site_abt_flag=&shop_id=&query_rank=1,0,swswim23210205349,1000,
Twist Cut Out Ruched Side Butterfly Sleeve One Piece Swimsuit,https://us.shein.com/goods_detail_nsw/getCommentInfoByAbc?_ver=1.1.8&_lang=en&spu=w22061430398&goods_id=&page=1&limit=3&offset=0&sort=&size=&is_picture=&rule_id=recsrch_sort:A|recsrch_tag:A&tag_id=&local_site_abt_flag=&shop_id=&query_rank=1,0,sw2206143039898790,1000,
Ring Linked Tie Side Bikini Swimsuit,https://us.shein.com/goods_detail_nsw/getCommentInfoByAbc?_ver=1.1.8&_lang=en&spu=w22120811922&goods_id=&page=1&limit=3&offset=0&sort=&size=&is_picture=&rule_id=recsrch_sort:A|recsrch_tag:A&tag_id=&local_site_abt_flag=&shop_id=&query_rank=1,0,sw2212081192294274,20,
Mono Bikini Set Crisscross Halter Wireless Bra Top & High Cut Bikini Bottom & Mesh Cover Up Pants 3 Piece Swimsuit,https://us.shein.com/goods_detail_nsw/getCommentInfoByAbc?_ver=1.1.8&_lang=en&spu=W2104250813&goods_id=&page=1&limit=3&offset=0&sort=&size=&is_picture=&rule_id=recsrch_sort:A|recsrch_tag:A&tag_id=&local_site_abt_flag=&shop_id=&query_rank=1,0,swswim25210430095,1000,
SHEIN Colorful Striped Bikini Set Smocked Cami Top & Bikini Bottom 2 Piece Swimsuit,https://us.shein.com/goods_detail_nsw/getCommentInfoByAbc?_ver=1.1.8&_lang=en&spu=w23022483211&goods_id=&page=1&limit=3&offset=0&sort=&size=&is_picture=&rule_id=recsrch_sort:A|recsrch_tag:A&tag_id=&local_site_abt_flag=&shop_id=&query_rank=1,0,sw2302248321164012,44,
Ditsy Floral Ring Linked Triangle Bikini Swimsuit,https://us.shein.com/goods_detail_nsw/getCommentInfoByAbc?_ver=1.1.8&_lang=en&spu=W2105067230&goods_id=&page=1&limit=3&offset=0&sort=&size=&is_picture=&rule_id=recsrch_sort:A|recsrch_tag:A&tag_id=&local_site_abt_flag=&shop_id=&query_rank=1,0,swswim25210517939,1000,
Mono Bikini Set Halter Micro Triangle Bra Top & Thong 2 Piece Bathing Suit,https://us.shein.com/goods_detail_nsw/getCommentInfoByAbc?_ver=1.1.8&_lang=en&spu=W2104082855&goods_id=&page=1&limit=3&offset=0&sort=&size=&is_picture=&rule_id=recsrch_sort:A|recsrch_tag:A&tag_id=&local_site_abt_flag=&shop_id=&query_rank=1,0,sw2204124682048616,1000,
Floral Drawstring One Piece Swimsuit,https://us.shein.com/goods_detail_nsw/getCommentInfoByAbc?_ver=1.1.8&_lang=en&spu=W2106024748&goods_id=&page=1&limit=3&offset=0&sort=&size=&is_picture=&rule_id=recsrch_sort:A|recsrch_tag:A&tag_id=&local_site_abt_flag=&shop_id=&query_rank=1,0,sw2202215331538201,1000,
Textured Triangle Tie Side Bikini Swimsuit,https://us.shein.com/goods_detail_nsw/getCommentInfoByAbc?_ver=1.1.8&_lang=en&spu=w21091569393&goods_id=&page=1&limit=3&offset=0&sort=&size=&is_picture=&rule_id=recsrch_sort:A|recsrch_tag:A&tag_id=&local_site_abt_flag=&shop_id=&query_rank=1,0,sw2109156939353635,1000,
Solid Bikini Set Triangle Bra & Thong Bottom 2 Piece Bathing Suit,https://us.shein.com/goods_detail_nsw/getCommentInfoByAbc?_ver=1.1.8&_lang=en&spu=W1911070204&goods_id=&page=1&limit=3&offset=0&sort=&size=&is_picture=&rule_id=recsrch_sort:A|recsrch_tag:A&tag_id=&local_site_abt_flag=&shop_id=&query_rank=1,0,swswim23210303332,1000,
Ditsy Floral Print Drawstring One Piece Swimsuit,https://us.shein.com/goods_detail_nsw/getCommentInfoByAbc?_ver=1.1.8&_lang=en&spu=W2106175037&goods_id=&page=1&limit=3&offset=0&sort=&size=&is_picture=&rule_id=recsrch_sort:A|recsrch_tag:A&tag_id=&local_site_abt_flag=&shop_id=&query_rank=1,0,sw2202250000302211,1000,
Tropical Print Ruched Halter One Piece Swimsuit,https://us.shein.com/goods_detail_nsw/getCommentInfoByAbc?_ver=1.1.8&_lang=en&spu=t23051589708&goods_id=&page=1&limit=3&offset=0&sort=&size=&is_picture=&rule_id=recsrch_sort:A|recsrch_tag:A&tag_id=&local_site_abt_flag=&shop_id=&query_rank=1,0,sw2111242833973233,1000,
Floral Print Bikini Top,https://us.shein.com/goods_detail_nsw/getCommentInfoByAbc?_ver=1.1.8&_lang=en&spu=w23021500435&goods_id=&page=1&limit=3&offset=0&sort=&size=&is_picture=&rule_id=recsrch_sort:A|recsrch_tag:A&tag_id=&local_site_abt_flag=&shop_id=&query_rank=1,0,sw2302150043555292,100,
Bikinx Ruffle Trim One Piece Swimsuit,https://us.shein.com/goods_detail_nsw/getCommentInfoByAbc?_ver=1.1.8&_lang=en&spu=WR2104020030&goods_id=&page=1&limit=3&offset=0&sort=&size=&is_picture=&rule_id=recsrch_sort:A|recsrch_tag:A&tag_id=&local_site_abt_flag=&shop_id=&query_rank=1,0,sw2210267768798191,1000,
Halter Triangle Tie Side Bikini Swimsuit,https://us.shein.com/goods_detail_nsw/getCommentInfoByAbc?_ver=1.1.8&_lang=en&spu=w21101250652&goods_id=&page=1&limit=3&offset=0&sort=&size=&is_picture=&rule_id=recsrch_sort:A|recsrch_tag:A&tag_id=&local_site_abt_flag=&shop_id=&query_rank=1,0,st2304113022920325,1000,
Striped Shorts Bikini Swimsuit,https://us.shein.com/goods_detail_nsw/getCommentInfoByAbc?_ver=1.1.8&_lang=en&spu=1804100634&goods_id=&page=1&limit=3&offset=0&sort=&size=&is_picture=&rule_id=recsrch_sort:A|recsrch_tag:A&tag_id=&local_site_abt_flag=&shop_id=&query_rank=1,0,st2304063578354817,1000,
Allover Floral Knot Shoulder Bikini Swimsuit,https://us.shein.com/goods_detail_nsw/getCommentInfoByAbc?_ver=1.1.8&_lang=en&spu=w22022333917&goods_id=&page=1&limit=3&offset=0&sort=&size=&is_picture=&rule_id=recsrch_sort:A|recsrch_tag:A&tag_id=&local_site_abt_flag=&shop_id=&query_rank=1,0,sw2202233391791093,1000,
Floral Print Smocked Bikini Swimsuit,https://us.shein.com/goods_detail_nsw/getCommentInfoByAbc?_ver=1.1.8&_lang=en&spu=t23031035918&goods_id=&page=1&limit=3&offset=0&sort=&size=&is_picture=&rule_id=recsrch_sort:A|recsrch_tag:A&tag_id=&local_site_abt_flag=&shop_id=&query_rank=1,0,st2303103591880048,28,
Mono Bikini Set Contrast Binding Ring Detail Halter Triangle Bra Top & Tie Side Bikini Bottom 2 Piece Swimsuit,https://us.shein.com/goods_detail_nsw/getCommentInfoByAbc?_ver=1.1.8&_lang=en&spu=w22042587553&goods_id=&page=1&limit=3&offset=0&sort=&size=&is_picture=&rule_id=recsrch_sort:A|recsrch_tag:A&tag_id=&local_site_abt_flag=&shop_id=&query_rank=1,0,sw2204258755317222,1000,
Striped Bikini Set Tank Top & Hipster Bottom 2 Piece Bathing Suit,https://us.shein.com/goods_detail_nsw/getCommentInfoByAbc?_ver=1.1.8&_lang=en&spu=w21111030259&goods_id=&page=1&limit=3&offset=0&sort=&size=&is_picture=&rule_id=recsrch_sort:A|recsrch_tag:A&tag_id=&local_site_abt_flag=&shop_id=&query_rank=1,0,swswim03210302798,1000,
Solid Textured Bikini Bottom,https://us.shein.com/goods_detail_nsw/getCommentInfoByAbc?_ver=1.1.8&_lang=en&spu=w22072109628&goods_id=&page=1&limit=3&offset=0&sort=&size=&is_picture=&rule_id=recsrch_sort:A|recsrch_tag:A&tag_id=&local_site_abt_flag=&shop_id=&query_rank=1,0,sw2207210962802805,1000,
Paisley & Ditsy Floral Tie Side Bikini Swimsuit,https://us.shein.com/goods_detail_nsw/getCommentInfoByAbc?_ver=1.1.8&_lang=en&spu=W2101212632&goods_id=&page=1&limit=3&offset=0&sort=&size=&is_picture=&rule_id=recsrch_sort:A|recsrch_tag:A&tag_id=&local_site_abt_flag=&shop_id=&query_rank=1,0,swswim25210330945,1000,
Ditsy Floral Tie Shoulder One Piece Swimsuit,https://us.shein.com/goods_detail_nsw/getCommentInfoByAbc?_ver=1.1.8&_lang=en&spu=w22011706188&goods_id=&page=1&limit=3&offset=0&sort=&size=&is_picture=&rule_id=recsrch_sort:A|recsrch_tag:A&tag_id=&local_site_abt_flag=&shop_id=&query_rank=1,0,sw2204289650696793,500,
Solid Swimming Panty,https://us.shein.com/goods_detail_nsw/getCommentInfoByAbc?_ver=1.1.8&_lang=en&spu=1904024645&goods_id=&page=1&limit=3&offset=0&sort=&size=&is_picture=&rule_id=recsrch_sort:A|recsrch_tag:A&tag_id=&local_site_abt_flag=&shop_id=&query_rank=1,0,swswim03190212815,1000,
SHEIN X Rosalinda Cannav√≤ Ribbed Bikini Set Adjustable Strap Cami Top & Tie Side Thong Bottom 2 Piece Bathing Suit,https://us.shein.com/goods_detail_nsw/getCommentInfoByAbc?_ver=1.1.8&_lang=en&spu=W2010220507&goods_id=&page=1&limit=3&offset=0&sort=&size=&is_picture=&rule_id=recsrch_sort:A|recsrch_tag:A&tag_id=&local_site_abt_flag=&shop_id=&query_rank=1,0,swswim23210119857,1000,
Ditsy Floral Print Bandeau Bikini Swimsuit,https://us.shein.com/goods_detail_nsw/getCommentInfoByAbc?_ver=1.1.8&_lang=en&spu=w22030746465&goods_id=&page=1&limit=3&offset=0&sort=&size=&is_picture=&rule_id=recsrch_sort:A|recsrch_tag:A&tag_id=&local_site_abt_flag=&shop_id=&query_rank=1,0,sw2203143196121199,1000,
Ditsy Floral Underwire Bikini Top,https://us.shein.com/goods_detail_nsw/getCommentInfoByAbc?_ver=1.1.8&_lang=en&spu=W2104253878&goods_id=&page=1&limit=3&offset=0&sort=&size=&is_picture=&rule_id=recsrch_sort:A|recsrch_tag:A&tag_id=&local_site_abt_flag=&shop_id=&query_rank=1,0,swswim25210512981,1000,
Plain High Waisted Bikini Bottom,https://us.shein.com/goods_detail_nsw/getCommentInfoByAbc?_ver=1.1.8&_lang=en&spu=w23021614331&goods_id=&page=1&limit=3&offset=0&sort=&size=&is_picture=&rule_id=recsrch_sort:A|recsrch_tag:A&tag_id=&local_site_abt_flag=&shop_id=&query_rank=1,0,sw2302161433168858,500,
Textured Bikini Set Adjustable Strap Buckle Cami Bra & High Cut Bottom 2 Piece Swimsuit,https://us.shein.com/goods_detail_nsw/getCommentInfoByAbc?_ver=1.1.8&_lang=en&spu=W2101161775&goods_id=&page=1&limit=3&offset=0&sort=&size=&is_picture=&rule_id=recsrch_sort:A|recsrch_tag:A&tag_id=&local_site_abt_flag=&shop_id=&query_rank=1,0,sw2111016257079939,1000,
Paisley Print Whip Stitch One Shoulder Bikini Swimsuit,https://us.shein.com/goods_detail_nsw/getCommentInfoByAbc?_ver=1.1.8&_lang=en&spu=t23031622182&goods_id=&page=1&limit=3&offset=0&sort=&size=&is_picture=&rule_id=recsrch_sort:A|recsrch_tag:A&tag_id=&local_site_abt_flag=&shop_id=&query_rank=1,0,st2303162218262482,17,
Tropical Print Tankini Set Long Sleeve High Neck Tee & Shorts 2 Piece Rashguard Bathing Suit,https://us.shein.com/goods_detail_nsw/getCommentInfoByAbc?_ver=1.1.8&_lang=en&spu=W2106174273&goods_id=&page=1&limit=3&offset=0&sort=&size=&is_picture=&rule_id=recsrch_sort:A|recsrch_tag:A&tag_id=&local_site_abt_flag=&shop_id=&query_rank=1,0,sw2110226762926649,1000,
Halter Triangle Tie Side Bikini Swimsuit,https://us.shein.com/goods_detail_nsw/getCommentInfoByAbc?_ver=1.1.8&_lang=en&spu=W2012072057&goods_id=&page=1&limit=3&offset=0&sort=&size=&is_picture=&rule_id=recsrch_sort:A|recsrch_tag:A&tag_id=&local_site_abt_flag=&shop_id=&query_rank=1,0,sw2112063113419942,1000,
